Date,News agency,Color,Article title,Notes,Number of Facebook engagements,Number of Twitter shares,Number of Twitter retweets and linkes,Number of Reddit engagements,Youtube views,Cable news views,Total number of engagements,Article link,y
11/21/2022 18:14:00,CBS,"rgb(239, 177, 65)","Copy of what's believed to be Hunter Biden's laptop data turned over by repair shop to FBI showed no tampering, analysis says",,4590,981,,942,,,6513,https://www.cbsnews.com/news/hunter-biden-laptop-data-analysis/,14000
11/23/2022 22:38:00,Elon Musk's Twitter,"rgb(47, 141, 216)",Elon Musk's tweet: This is necessary to restore public trust,,,,203914,,,,203914,https://twitter.com/elonmusk/status/1595637837969653760,14000
11/22/2022 8:26:00,Fox News,"rgb(7, 50, 99)","CBS verifies Hunter Biden laptop, becoming latest news outlet to pivot after dismissing scandal in 2020",,1126,528,,3,,,1657,https://www.foxnews.com/media/cbs-verifies-hunter-biden-laptop-becoming-latest-news-outlet-pivot-after-dismissing-scandal-2020,14000
11/24/2022 15:04:00,Fox News,"rgb(7, 50, 99)",Musk teases releasing details of Twitter censoring Hunter Biden's laptop: 'Necessary to restore public trust',,15365,385,,793,,,16543,https://www.foxnews.com/media/musk-teases-releasing-details-twitter-censoring-hunter-bidens-laptop-necessary-restore-public-trust,14000
11/21/2022 16:49:00,New York Post,"rgb(199, 54, 54)",CBS ‘confirms’ Hunter Biden laptop is real 769 days after Post broke story,,9354,14572,,3570,,,27496,https://nypost.com/2022/11/21/cbs-confirms-hunter-biden-laptop-is-real-769-days-after-post-broke-story/,14000
11/21/2022 8:39:59,CBS Mornings Youtube Channel ,"rgb(239, 177, 65)","
Copy of Hunter Biden laptop data appears genuine, independent experts find",,,,,,113264,,113264,https://www.youtube.com/watch?v=0Z-6Wp6oH1Y,14000
11/23/2022 2:00:00,Washington Post,,Dissecting GOP claims about Hunter Biden deals allegedly involving his father,"2.53 million daily viewers average (Ad week, 2022)","2,074",505,,252,,,2831,https://www.washingtonpost.com/politics/2022/11/23/dissecting-gop-claims-about-hunter-biden-deals-allegedly-involving-his-father/,14000
11/21/2022 7:30:00,CBS Mornings,"rgb(239, 177, 65)","Copy of Hunter Biden laptop data appears genuine, independent experts find",Likely 7-8 a.m. on CBS morning cable channel,,,,,,2530000,2530000,https://www.cbsnews.com/video/copy-of-hunter-biden-laptop-data-appears-genuine-independent-experts-find/#x,14000
11/24/2022 7:29:00,Newsmax,"rgb(53, 80, 161)",Musk: Hunter Biden Laptop Full Disclosure 'Necessary' for Twitter,,"8,164","6,797",,,,,14961,https://www.newsmax.com/newsfront/hunter-biden-laptop-censor/2022/11/24/id/1097823/,14000
11/25/2022 18:07:00,New York Post,"rgb(199, 54, 54)",Joe and Hunter Biden do Black Friday despite corruption cloud,,391,241,,1,,,633,https://nypost.com/2022/11/25/joe-and-hunter-biden-do-black-friday-despite-corruption-cloud/,14000